Date,Close,High,Low,Open,Volume,MA20,DailyReturn,Volatility20
2024-01-02,184.73,187.52,182.99,186.24,82488700,,,
2024-01-03,183.35,184.97,182.54,183.32,58414500,,-0.007470362150165055,
2024-01-04,181.02,182.2,180.0,181.26,71983600,,-0.012707935642214285,
2024-01-05,180.3,181.87,179.29,181.1,62303300,,-0.003977461054027187,
2024-01-08,184.66,184.7,180.62,181.2,59144500,,0.02418191902384903,
2024-01-09,184.24,184.25,181.84,183.02,42841800,,-0.0022744503411674666,
2024-01-10,185.28,185.49,183.02,183.45,46792900,,0.005644811115935733,
2024-01-11,184.69,186.14,182.72,185.63,49128400,,-0.0031843696027633595,
2024-01-12,185.01,185.83,184.29,185.15,40444700,,0.0017326330608045115,
2024-01-16,182.73,183.36,180.05,181.27,65603000,,-0.012323658180638852,
2024-01-17,181.79,182.04,179.42,180.39,47317400,,-0.005144201827833372,
2024-01-18,187.71,188.22,184.92,185.18,78005800,,0.03256504758237533,
2024-01-19,190.63,191.01,187.9,188.41,68741000,,0.015555910713334287,
2024-01-22,192.94,194.38,191.32,191.36,60133900,,0.012117714945181879,
2024-01-23,194.23,194.8,192.89,194.07,42355600,,0.006686016378148585,
2024-01-24,193.55,195.42,193.39,194.47,53631300,,-0.003501003964372029,
2024-01-25,193.22,195.31,192.17,194.27,54822100,,-0.0017049857917851297,
2024-01-26,191.48,193.81,191.0,193.32,44594000,,-0.009005278956629836,
2024-01-29,190.8,191.26,188.66,191.07,47145600,,-0.0035512847294755234,
2024-01-30,187.12,190.86,186.56,190.01,55859400,186.974,-0.019287211740042,
2024-01-31,183.5,186.19,183.45,186.13,55467800,186.9125,-0.019345874305258692,0.013365886497750206
2024-02-01,185.95,186.04,182.92,183.09,64885400,187.0425,0.01335149863760221,0.013583017099013968
2024-02-02,184.94,186.42,178.38,178.98,102518000,187.2385,-0.0054315676257057355,0.013296843359610493
2024-02-05,186.77,188.33,184.93,187.23,69668800,187.56199999999998,0.009895101113874816,0.013376597404105165
2024-02-06,188.38,188.39,185.86,185.95,43490800,187.748,0.008620228088022541,0.012428131750088058
2024-02-07,188.49,190.12,187.69,189.71,53439000,187.9605,0.0005839261068054657,0.012404050298237924
2024-02-08,187.4,188.62,186.44,188.47,40962000,188.0665,-0.005782800148549039,0.012452298326252047
2024-02-09,188.17,189.31,187.32,187.97,45155200,188.2405,0.0041088580576307265,0.012441122646538863
2024-02-12,186.48,187.99,186.12,187.74,41781900,188.314,-0.008981240367752608,0.012637344762688069
2024-02-13,184.37,185.54,182.85,185.1,56529500,188.39600000000002,-0.011314886314886197,0.012585496254877844
2024-02-14,183.49,184.86,181.78,184.65,54630500,188.481,-0.0047730107935129995,0.012576971927928298
2024-02-15,183.2,183.82,180.7,182.89,65434500,188.25549999999998,-0.0015804676004143037,0.010068289832642244
2024-02-16,181.65,184.18,181.02,182.76,49701400,187.8065,-0.008460698689956248,0.00937729706289575
2024-02-20,180.91,181.77,179.35,181.13,53665600,187.20499999999998,-0.004073768235618003,0.00873803155923229
2024-02-21,181.66,182.23,180.01,181.28,41529700,186.5765,0.004145707810513599,0.00860455469201441
2024-02-22,183.71,184.29,181.8,182.82,52292200,186.0845,0.011284817791478607,0.009201274473556093
2024-02-23,181.86,184.37,181.57,184.34,45119700,185.5165,-0.010070219367481315,0.009349058399095063
2024-02-26,180.51,182.1,180.0,181.58,40867400,184.96800000000002,-0.0074232926426922585,0.009302001707652253
2024-02-27,181.97,183.26,178.91,180.45,54318900,184.5265,0.00808819455985832,0.009618130271290057
2024-02-28,180.77,182.46,179.48,181.85,48953900,184.209,-0.0065944935978456964,0.008825946250670845
2024-02-29,180.1,181.91,178.88,180.62,136682600,184.039,-0.003706367206948169,0.007813899175074811
2024-03-01,179.01,179.88,176.74,178.9,73488000,183.692,-0.006052193225985603,0.007124738113302253
2024-03-04,174.47,176.26,173.16,175.51,81510100,183.1685,-0.025361711636221362,0.008836395046798132
2024-03-05,169.51,171.42,169.01,170.14,95132400,182.3055,-0.02842895626755315,0.01000064806769739
2024-03-06,168.51,170.62,168.07,170.44,68587700,181.31199999999998,-0.005899356970090253,0.00949000006648234
2024-03-07,168.39,170.11,167.88,168.54,71765100,180.30700000000002,-0.0007121239095603249,0.00945050736027068
2024-03-08,170.11,173.07,168.33,168.39,76114600,179.4425,0.010214383276916816,0.010087867743693895
2024-03-11,172.13,173.75,171.43,172.32,60139500,178.6405,0.011874669331608745,0.010585193565430084
2024-03-12,172.61,173.4,170.39,172.53,59825400,177.947,0.002788590019171755,0.010643594060171537
2024-03-13,170.51,172.57,170.14,172.15,52488700,177.254,-0.012166154915706051,0.010676866032050104
2024-03-14,172.38,173.68,171.43,172.29,72913500,176.6985,0.010967098703888345,0.011173449650223695
2024-03-15,172.0,172.0,169.68,170.55,121664700,176.1385,-0.00220443206868548,0.011169976625588747
2024-03-18,173.09,177.07,172.89,174.94,75604200,175.7105,0.006337209302325508,0.011284977909677349
2024-03-19,175.45,175.97,172.41,173.71,55215200,175.4375,0.013634525391414742,0.011824383447333898
2024-03-20,178.03,178.03,174.46,175.09,53423100,175.256,0.014705044172128812,0.012313670960716493
2024-03-21,170.75,176.85,170.22,176.41,106181300,174.608,-0.04089198449699494,0.014853477084246752
2024-03-22,171.66,172.43,169.45,171.14,71106600,174.098,0.005329428989750973,0.01489650579322836
2024-03-25,170.23,171.32,168.84,169.96,54288300,173.584,-0.008330420598858246,0.014912775461133728
2024-03-26,169.1,170.8,168.97,169.39,57388400,172.9405,-0.006638077894613126,0.014707962564895276
2024-03-27,172.69,172.97,169.5,169.8,60273300,172.5365,0.0212300413956239,0.015688760472234414
2024-03-28,170.86,171.61,169.9,171.13,65672700,172.0745,-0.010597023568243547,0.015799647922830666
2024-04-01,169.42,170.63,168.87,170.57,46240500,171.595,-0.008427952709821107,0.015836568427637924
2024-04-02,168.23,168.73,167.62,168.47,49329500,171.28300000000002,-0.007023964112855663,0.014957592416923796
2024-04-03,169.04,170.06,167.97,168.18,47691700,171.2595,0.004814836830529634,0.01361965761948505
2024-04-04,168.21,171.3,168.21,169.68,53704400,171.24450000000002,-0.004910080454330279,0.013599075902154886
2024-04-05,168.97,169.78,168.34,168.98,42055200,171.27349999999998,0.00451816182153264,0.013634910021414466
2024-04-08,167.84,168.59,167.63,168.42,37425500,171.16000000000003,-0.006687577676510625,0.013508750229506183
2024-04-09,169.06,169.47,167.74,168.09,42451200,171.00650000000002,0.007268827454718796,0.013323167363684128
2024-04-10,167.18,168.48,166.51,168.19,49709300,170.73499999999999,-0.011120312315154313,0.013487210497911602
2024-04-11,174.41,174.83,167.55,167.73,91070300,170.93,0.043246799856442086,0.01653105522682301
2024-04-12,175.91,177.72,173.58,173.63,101593300,171.1065,0.008600424287598107,0.016466263318483963
2024-04-15,172.07,175.99,171.88,174.73,73531800,171.10999999999999,-0.02182934455119101,0.017242652700780788
2024-04-16,168.77,173.13,167.66,171.13,73711200,170.894,-0.019178241413378205,0.017699543557845136
2024-04-17,167.39,170.03,167.39,169.0,50901200,170.491,-0.008176808674527636,0.017412586984420702
2024-04-18,166.44,168.03,165.95,167.42,43122900,169.9115,-0.00567536889897835,0.016961403475185387
2024-04-19,164.41,165.8,163.49,165.61,67772100,169.59449999999998,-0.01219658735880802,0.014665659879195663
2024-04-22,165.24,166.66,164.18,164.92,48116400,169.2735,0.0050483547229487336,0.014658612272374395
2024-04-23,166.3,166.45,164.33,164.75,49537800,169.077,0.006414911643669807,0.014683835246127127
2024-04-24,168.41,168.69,165.61,165.94,48251800,169.0425,0.012687913409500817,0.014931652621302036
2024-04-25,169.28,170.0,167.54,168.92,50558300,168.872,0.00516596401638858,0.014134688558854297
2024-04-26,168.69,170.72,168.57,169.27,44838400,168.7635,-0.0034853497164460956,0.013966430710372478
2024-04-29,172.87,175.4,172.48,172.74,68169400,168.93599999999998,0.0247791807457467,0.0149214624482429
2024-04-30,169.72,174.36,169.39,172.71,65934800,169.0105,-0.01822178515647599,0.015443797785162718
2024-05-01,168.69,172.09,168.5,168.97,50383100,168.993,-0.006068819231675682,0.015477443202582592
2024-05-02,172.41,172.79,170.27,171.89,94214900,169.203,0.02205228525698022,0.016184517650600184
2024-05-03,182.72,186.33,182.0,185.98,163224100,169.8905,0.05979931558494278,0.02081185150688763
2024-05-06,181.05,183.54,179.77,181.69,78569700,170.551,-0.0091396672504378,0.02088596901787948
2024-05-07,181.74,184.23,180.67,182.79,77305800,171.185,0.0038111019055508955,0.02087178049900748
2024-05-08,182.08,182.41,180.8,182.19,45057100,171.93,0.0018708044459117001,0.020582303490585707
2024-05-09,183.9,183.99,181.45,181.9,48983000,172.40449999999998,0.00999560632688934,0.01852587459800653
2024-05-10,182.64,184.67,181.72,184.48,50759500,172.741,-0.006851549755301889,0.018593878716545602
2024-05-13,185.86,186.68,184.2,185.02,72044800,173.4305,0.017630310994305898,0.018012226249676716
2024-05-14,187.01,187.88,185.87,187.09,52393600,174.3425,0.00618745292155376,0.017166499280217885
2024-05-15,189.29,190.22,186.95,187.49,70400000,175.4375,0.012191861397786274,0.01692860193872077
2024-05-16,189.41,190.67,189.23,190.04,52845200,176.58599999999998,0.0006339479106134416,0.01675156015448959
2024-05-17,189.44,190.38,188.75,189.08,41282900,177.8375,0.00015838656881905777,0.01624136023559772
2024-05-20,190.61,191.49,188.58,188.9,44361300,179.10600000000002,0.006176097972973027,0.01623533283798405
2024-05-21,191.92,192.3,190.49,190.66,42309400,180.387,0.006872671947956377,0.01623435776917716
2024-05-22,190.47,192.39,189.84,191.84,34648500,181.49,-0.007555231346394242,0.016510267218239588
2024-05-23,186.46,190.57,186.21,190.55,51005900,182.349,-0.021053184228487343,0.01760940955238928
2024-05-24,189.55,190.15,187.62,188.39,36294600,183.392,0.016571918910222028,0.017672402813341922
2024-05-28,189.56,192.56,188.67,191.08,52280100,184.22650000000002,5.2756528620356846e-05,0.01714598464294405
2024-05-29,189.86,191.82,189.08,189.18,53068000,185.2335,0.0015826123654780755,0.016300150779423383
2024-05-30,190.86,191.75,190.2,190.33,49947900,186.342,0.005267038870746976,0.016063065278617415
2024-05-31,191.82,192.14,189.48,191.01,75158300,187.3125,0.005029864822382768,0.015630340188201936
2024-06-03,193.59,194.55,192.09,192.47,50080500,187.85600000000002,0.009227400688145204,0.009106278157495035
2024-06-04,193.91,194.88,192.59,194.2,47471400,188.499,0.0016529779430756175,0.008662157930227812
2024-06-05,195.43,196.46,194.43,194.96,54156800,189.1835,0.007838688051157838,0.008717083492728935
2024-06-06,194.04,196.06,193.73,195.25,41181800,189.7815,-0.007112521107301872,0.00904033724783544
2024-06-07,196.45,196.5,193.7,194.21,53103900,190.40900000000002,0.012420119562976728,0.009151480050793404
2024-06-10,192.68,196.86,191.72,196.46,97262100,190.911,-0.019190633749045505,0.01022777782498338
2024-06-11,206.68,206.69,193.19,193.21,172373300,191.952,0.07265933153414994,0.01850223304951436
2024-06-12,212.59,219.7,206.43,206.9,198134300,193.231,0.028594929359396115,0.01921209699861936
2024-06-13,213.76,216.26,211.12,214.26,97862700,194.4545,0.00550355143703829,0.019167815805319968
2024-06-14,212.01,214.69,210.82,213.37,70122700,195.5845,-0.008186751497005984,0.019404257983259652
2024-06-17,216.18,218.46,212.24,212.89,93728300,196.9215,0.019668883543229265,0.01959386235849159
2024-06-18,213.81,218.14,212.52,217.1,79943300,198.0815,-0.010963086316958082,0.01999336070400598
2024-06-20,209.21,213.76,208.38,213.45,86172500,198.946,-0.021514428698377053,0.02091054917559303
2024-06-21,207.02,211.41,206.64,209.92,246421400,199.7735,-0.010467950862769415,0.021009021847040982
2024-06-24,207.67,212.22,206.12,207.25,80727000,200.834,0.0031397932566901154,0.02014640093325639
2024-06-25,208.6,210.9,208.14,208.68,56713900,201.7865,0.004478258775942656,0.019980202952211763
2024-06-26,212.77,214.38,210.17,211.02,66213200,202.947,0.01999041227229159,0.020217188840572085
2024-06-27,213.62,215.25,211.87,214.21,49772700,204.135,0.003994924096442087,0.020196753065265572
2024-06-28,210.15,215.58,209.83,215.28,82542700,205.09949999999998,-0.01624379739724746,0.020807070869102905
2024-07-01,216.26,217.02,211.44,211.61,60402900,206.32150000000001,0.029074470616226478,0.021490722132778913
2024-07-02,219.77,219.88,214.62,215.66,58046200,207.63049999999998,0.016230463331175615,0.02159893898515751
2024-07-03,221.05,221.05,218.54,219.5,37369800,208.9875,0.005824270828593603,0.021568993628969933
2024-07-05,225.83,225.94,221.15,221.15,60412400,210.50750000000002,0.02162406695317798,0.021823141255300996
2024-07-08,227.31,227.34,222.75,226.58,59085900,212.171,0.006553602267192149,0.021554609018971337
2024-07-09,228.16,228.88,225.86,227.42,48076100,213.75650000000002,0.003739386740574613,0.021551699613008873
2024-07-10,232.45,232.55,228.73,228.78,62627700,215.74499999999998,0.01880259467040668,0.020712429552224933
2024-07-11,227.06,231.87,225.26,230.87,64710600,216.76399999999998,-0.02318778231877816,0.01588633362595383
2024-07-12,230.02,232.12,228.16,228.4,53046500,217.6355,0.013036201884964349,0.015018741523805315
2024-07-15,233.87,236.7,232.56,235.95,62631300,218.64100000000002,0.016737674984783846,0.015283521028368958
2024-07-16,234.29,235.74,231.81,234.47,43234300,219.75500000000002,0.0017958695001496494,0.015003829602115624
2024-07-17,228.36,230.94,226.13,228.93,57345900,220.36399999999998,-0.02531051261257411,0.016042680471597157
2024-07-18,223.67,229.92,221.77,229.76,66034600,220.85700000000003,-0.020537747416360275,0.01660993078615134
2024-07-19,223.8,226.29,222.78,224.31,49151500,221.58650000000003,0.000581213394733382,0.01564311557026145
2024-07-22,223.46,227.27,222.59,226.5,48201800,222.4085,-0.0015192135835567777,0.015347978567453173
2024-07-23,224.5,226.43,222.18,223.86,39960300,223.25,0.004654076792266926,0.015347557271213185
2024-07-24,218.05,224.29,216.64,223.5,61777600,223.72250000000003,-0.02873051224944312,0.017002131176203177
2024-07-25,217.0,220.35,214.14,218.44,51391200,223.93400000000003,-0.0048154093097914075,0.016546650734115705
2024-07-26,217.47,219.0,215.52,218.21,41601300,224.1265,0.002165898617511486,0.016534947393439834
2024-07-29,217.75,218.81,215.26,216.47,36311800,224.50650000000002,0.0012875339127236263,0.01602829661279504
2024-07-30,218.31,219.83,215.63,218.7,41643800,224.609,0.0025717566016074667,0.0147043057715266
2024-07-31,221.58,223.32,220.13,220.94,50036300,224.6995,0.014978700013742019,0.014636671109812214
2024-08-01,217.87,223.97,216.53,223.86,62501000,224.5405,-0.01674338839245426,0.015069139365568486
2024-08-02,219.36,225.09,217.22,218.66,105568600,224.21699999999996,0.006838940652682757,0.01426171126649579
2024-08-05,208.8,213.02,195.56,198.64,119548600,223.29149999999998,-0.0481400437636762,0.01753380229890032
2024-08-06,206.76,209.52,200.62,204.84,69660500,222.22150000000002,-0.009770114942528885,0.017476444886822172
2024-08-07,209.35,213.16,205.92,206.43,63516400,221.06650000000005,0.012526600889920747,0.01708291275213143
2024-08-08,212.83,213.72,208.36,212.63,47161100,220.35500000000002,0.016622880343921675,0.01718091420987777
2024-08-09,215.75,216.29,211.49,211.62,42201600,219.6415,0.013719870319033989,0.017215330305042357
2024-08-12,217.29,219.27,215.36,215.83,38028100,218.8125,0.0071378910776360716,0.016762324791870568
2024-08-13,221.03,221.65,218.77,218.77,44155300,218.1495,0.017212020801693706,0.017363984055272806
2024-08-14,221.48,222.78,219.46,220.33,41960600,217.80550000000002,0.002035922725421857,0.016552826124172276
2024-08-15,224.47,225.1,222.52,224.35,46414000,217.8455,0.01350009030160737,0.016227809018553162
2024-08-16,225.8,226.58,223.4,223.67,44340200,217.94549999999998,0.005925067937809114,0.01627650404234869
2024-08-19,225.64,225.74,222.79,225.47,40687800,218.05450000000002,-0.0007085916740479092,0.01627202874993839
2024-08-20,226.26,226.92,225.2,225.52,30299000,218.14249999999998,0.0027477397624535715,0.016252686144555606
2024-08-21,226.15,227.73,224.8,226.27,34765500,218.54749999999999,-0.0004861663572880426,0.01473357068773498
2024-08-22,224.28,228.09,223.65,227.54,43695300,218.9115,-0.008268848109661775,0.014836665339160645
2024-08-23,226.59,227.97,224.08,225.41,38677300,219.3675,0.010299625468164875,0.014959412303634359
2024-08-26,226.93,227.03,223.64,226.51,30602200,219.82650000000004,0.0015005075246039556,0.014958831074233729
2024-08-27,227.78,228.6,224.64,225.75,35934600,220.3,0.0037456484378441957,0.014962772189875911
2024-08-28,226.24,229.61,225.43,227.67,38052200,220.533,-0.006760909649661917,0.014776661352752967
2024-08-29,229.54,232.66,228.63,229.85,51906300,221.1165,0.014586280056577028,0.014437035721756395
2024-08-30,228.75,230.15,227.23,229.94,52990800,221.586,-0.0034416659405768213,0.014465400692631136
2024-09-03,222.53,228.75,220.93,228.3,50190600,222.27249999999998,-0.027191256830601085,0.010962917977739746
2024-09-04,220.61,221.54,217.24,221.42,43840200,222.965,-0.008628050150541466,0.010894308041172336
2024-09-05,222.14,225.23,221.28,221.39,36615400,223.60449999999997,0.006935315715515866,0.01071545117039827
2024-09-06,220.58,224.99,219.53,223.7,48423000,223.99200000000002,-0.007022598361393628,0.010436913522061936
2024-09-09,220.67,221.03,216.47,220.58,67180000,224.23799999999997,0.0004080152325685038,0.010057109408517863
2024-09-10,219.87,221.24,216.49,218.68,51591000,224.36700000000002,-0.0036253228803189153,0.010009170162988676
2024-09-11,222.42,222.84,217.65,221.22,44587100,224.43649999999997,0.011597762314094595,0.009589824856207836
2024-09-12,222.53,223.3,219.58,222.26,37498200,224.48900000000003,0.0004945598417409602,0.009581815963900498
2024-09-13,222.26,223.79,221.67,223.33,36766600,224.37850000000003,-0.0012133195524199891,0.009064268594522432
2024-09-16,216.08,216.98,213.68,216.3,59357400,223.8925,-0.02780527310357228,0.010788597239145466
2024-09-17,216.55,216.66,214.26,215.51,45519300,223.43799999999996,0.0021751203258053575,0.010827958112248867
2024-09-18,220.45,222.47,217.3,217.31,59894900,223.14750000000004,0.018009697529438817,0.011683946418392344
2024-09-19,228.62,229.57,224.38,224.74,66781300,223.27100000000002,0.037060557949648576,0.014490004553970197
2024-09-20,227.95,232.83,227.37,229.72,318679900,223.4545,-0.0029306272417112256,0.014365843207035133
2024-09-23,226.22,229.2,225.56,227.09,54146000,223.436,-0.007589383636762426,0.014307220442941684
2024-09-24,227.12,229.1,225.48,228.4,43556100,223.44549999999998,0.003978428078861285,0.014331467679356608
2024-09-25,226.12,227.04,223.77,224.68,42308700,223.3625,-0.004402958788305766,0.014339368452112672
2024-09-26,227.27,228.25,225.16,227.05,36636700,223.414,0.005085795153016104,0.014301687348388029
2024-09-27,227.54,229.27,227.05,228.21,34026000,223.314,0.0011880142561710993,0.01390680751963583
2024-09-30,232.74,232.74,229.4,229.79,54541900,223.51350000000002,0.022853124725323193,0.014812200986760915
2024-10-01,225.96,229.4,223.49,229.27,63285000,223.68500000000003,-0.02913121938643981,0.015011327595665083
2024-10-02,226.53,227.12,222.77,225.64,32880600,223.981,0.0025225703664364385,0.014846084747080946
2024-10-03,225.42,226.56,223.07,224.89,34044200,224.14500000000004,-0.004900013243279044,0.014850945980112613
2024-10-04,226.55,227.75,223.88,227.65,37245100,224.4435,0.005012864874456735,0.01475923923748195
2024-10-07,221.45,225.44,221.09,224.25,39505400,224.48250000000002,-0.02251158684617094,0.015703149572157852
2024-10-08,225.52,225.73,223.0,224.05,31855700,224.76499999999996,0.018378866561300722,0.016177804771634406
2024-10-09,229.29,229.5,224.58,224.98,33591100,225.10849999999996,0.01671692089393395,0.016386892099676812
2024-10-10,228.79,229.25,226.92,227.53,28183500,225.42149999999998,-0.00218064459854328,0.01640772167086138
2024-10-11,227.3,229.16,227.09,229.05,31759200,225.67349999999996,-0.0065125224004545235,0.016496659251508547
2024-10-14,231.05,231.48,228.35,228.45,39882100,226.42199999999997,0.01649802023757152,0.015322379818075514
2024-10-15,233.59,237.23,232.11,233.35,64751400,227.27400000000003,0.010993291495347224,0.015409901086787024
2024-10-16,231.53,231.86,229.59,231.35,34082200,227.82799999999997,-0.008818870670833534,0.015284851332120987
2024-10-17,231.89,233.59,230.27,233.17,32993800,227.9915,0.0015548740983888365,0.012951303157569588
2024-10-18,234.74,235.92,233.75,235.92,46431500,228.331,0.012290310060804721,0.013166567527740411
2024-10-21,236.22,236.59,234.19,234.19,36254500,228.831,0.0063048479168441585,0.013024679631853879
2024-10-22,235.6,235.96,232.34,233.63,38846600,229.25499999999997,-0.002624671916010568,0.013062089533408296
2024-10-23,230.51,234.88,227.51,233.82,52287000,229.47449999999998,-0.021604414261460092,0.014030467752083074
2024-10-24,230.32,230.57,228.16,229.73,31109500,229.627,-0.0008242592512255342,0.014003333333580436
2024-10-25,231.16,232.96,229.32,229.49,38802300,229.80800000000005,0.0036470996873914086,0.01401807476965734
2024-10-28,233.14,234.47,232.29,233.06,36087100,229.82799999999997,0.008565495760512132,0.013178443490778843
2024-10-29,233.41,234.07,232.06,232.84,35417200,230.20049999999998,0.001158102427725849,0.011230523750523554
2024-10-30,229.85,233.21,229.3,232.35,47070900,230.3665,-0.015252131442526018,0.011846999559068346
2024-10-31,225.66,229.58,225.12,229.09,64370100,230.37849999999997,-0.018229279965194634,0.012538932912754422
2024-11-01,222.67,225.1,220.03,220.73,65276700,230.18449999999999,-0.013250022157227703,0.012826184313163859
2024-11-04,221.77,222.55,219.47,220.75,44944500,230.2005,-0.004041855660843252,0.011803692824981414
2024-11-05,223.2,223.7,220.9,221.56,28111300,230.08450000000002,0.006448121928123607,0.011114708933973557
2024-11-06,222.48,225.82,220.95,222.37,54561100,229.744,-0.003225806451612856,0.01036185412856706
2024-11-07,227.23,227.63,224.32,224.38,42137700,229.66600000000003,0.021350233728874457,0.011543668955689928
2024-11-08,226.96,228.66,226.41,227.17,38328800,229.64900000000003,-0.0011882233859964453,0.011453380446600102
2024-11-11,224.23,225.7,221.5,225.0,42005600,229.308,-0.012028551286570432,0.01105850697735721
2024-11-12,224.23,225.59,223.36,224.55,40398300,228.84,0.0,0.010674593294158336
2024-11-13,225.12,226.65,222.76,224.01,48566200,228.51950000000002,0.0039691388306650754,0.010626811815248924
2024-11-14,228.22,228.87,225.0,225.02,44923900,228.33599999999996,0.01377043354655294,0.011141100909675293
2024-11-15,225.0,226.92,224.27,226.4,47923700,227.849,-0.014109192884059207,0.011079970949288675
2024-11-18,228.02,229.74,225.17,225.25,44686000,227.439,0.013422222222222224,0.01147014450588326
2024-11-19,228.28,230.16,226.66,226.98,36211800,227.073,0.0011402508551880963,0.011485096213189114
2024-11-20,229.0,229.93,225.89,228.06,35169600,226.9975,0.0031540213772560666,0.010497529703885998
2024-11-21,228.52,230.16,225.71,228.88,42108300,226.90750000000003,-0.002096069868995576,0.010504873867261325
2024-11-22,229.87,230.72,228.06,228.06,38168300,226.843,0.005907579205321145,0.010562032342033451
2024-11-25,232.87,233.25,229.74,231.46,90152800,226.8295,0.013050854830991332,0.010803409642312965
2024-11-26,235.06,235.57,233.33,233.33,45986200,226.91200000000003,0.00940438871473348,0.0110055062226566
2024-11-27,234.93,235.69,233.81,234.47,33498400,227.166,-0.0005530502850336072,0.010377429575026511
2024-11-29,237.33,237.81,233.97,234.81,28481400,227.74949999999998,0.010215808964372464,0.009494054141277753
2024-12-02,239.59,240.79,237.16,237.27,48137100,228.5955,0.009522605654573857,0.008840326873099307
2024-12-03,242.65,242.76,238.9,239.81,38861000,229.6395,0.012771818523310774,0.008864218261178088
2024-12-04,243.01,244.11,241.25,242.87,44383900,230.62999999999997,0.0014836183803832448,0.00887765974844341
2024-12-05,243.04,244.54,242.13,243.99,40033900,231.658,0.00012345170980609943,0.008759060350039129
2024-12-06,242.84,244.63,242.08,242.91,36870600,232.43849999999998,-0.0008229098090848375,0.007867304845832599
2024-12-09,246.75,247.24,241.75,241.83,44649200,233.42799999999997,0.016101136550815243,0.008280624842531597
2024-12-10,247.77,248.21,245.34,246.89,36914800,234.60500000000002,0.004133738601823644,0.007347368715187776
2024-12-11,246.49,250.8,246.26,247.96,45205800,235.718,-0.005166081446502768,0.0076192699767598385
2024-12-12,247.96,248.74,245.68,246.89,32777500,236.85999999999999,0.005963730780153442,0.007621272788519955
2024-12-13,248.13,249.29,246.24,247.82,33155300,237.85550000000003,0.000685594450717808,0.007374733105743924
2024-12-16,251.04,251.38,247.65,247.99,51694800,239.15750000000003,0.011727723370813736,0.006158212908840396
2024-12-17,253.48,253.83,249.78,250.08,51356400,240.4305,0.009719566602931717,0.005960258287489827
2024-12-18,248.05,254.28,247.74,252.16,56774100,241.419,-0.021421808426700273,0.008420912272498797
2024-12-19,249.79,252.0,247.09,247.5,60882300,242.45850000000002,0.007014714775246844,0.008440014985854616
2024-12-20,254.49,255.0,245.69,248.04,147495300,243.75699999999998,0.01881580527643223,0.008878367785042937
2024-12-23,255.27,255.65,253.45,254.77,40858800,245.027,0.0030649534362843234,0.008893127054056562
2024-12-24,258.2,258.21,255.29,255.49,23234700,246.2935,0.011478042856583048,0.008827616343208621
2024-12-26,259.02,260.1,257.63,258.19,27237100,247.4915,0.003175832687838831,0.008781720655827805
2024-12-27,255.59,258.7,253.06,257.83,42355300,248.52450000000005,-0.013242220677939898,0.009615368487478156
2024-12-30,252.2,253.5,250.75,252.23,35557500,249.26800000000003,-0.013263429711647623,0.010262416981831765
2024-12-31,250.42,253.28,249.43,252.44,39480700,249.8095,-0.007057890563045177,0.010384684336880909
